compton,up,1,1,1.00,Mon May 28 2018 13:56:07 GMT+0800 (+08),2018-05-28 13:56:07
menlo,up,1,1,1.00,Mon May 28 2018 13:56:07 GMT+0800 (+08),2018-05-28 13:56:07
orange,up,1,1,1.00,Mon May 28 2018 13:56:07 GMT+0800 (+08),2018-05-28 13:56:07
perks,down,1,0,0,Mon May 28 2018 13:56:07 GMT+0800 (+08),2018-05-28 13:56:07
cambrige,down,1,0,0,Mon May 28 2018 13:56:07 GMT+0800 (+08),2018-05-28 13:56:07
sudo,down,1,0,0,Mon May 28 2018 13:56:07 GMT+0800 (+08),2018-05-28 13:56:07
compton,up,1,1,1.00,Mon May 28 2018 13:56:21 GMT+0800 (+08),2018-05-28 13:56:21
menlo,up,1,1,1.00,Mon May 28 2018 13:56:21 GMT+0800 (+08),2018-05-28 13:56:21
orange,up,1,1,1.00,Mon May 28 2018 13:56:21 GMT+0800 (+08),2018-05-28 13:56:21
perks,down,1,0,0,Mon May 28 2018 13:56:21 GMT+0800 (+08),2018-05-28 13:56:21
cambrige,down,1,0,0,Mon May 28 2018 13:56:21 GMT+0800 (+08),2018-05-28 13:56:21
sudo,down,1,0,0,Mon May 28 2018 13:56:21 GMT+0800 (+08),2018-05-28 13:56:21
compton,up,1,1,1.00,Mon May 28 2018 13:56:22 GMT+0800 (+08),2018-05-28 13:56:22
menlo,up,1,1,1.00,Mon May 28 2018 13:56:22 GMT+0800 (+08),2018-05-28 13:56:22
orange,up,1,1,1.00,Mon May 28 2018 13:56:22 GMT+0800 (+08),2018-05-28 13:56:22
perks,down,1,0,0,Mon May 28 2018 13:56:22 GMT+0800 (+08),2018-05-28 13:56:22
cambrige,down,1,0,0,Mon May 28 2018 13:56:22 GMT+0800 (+08),2018-05-28 13:56:22
sudo,down,1,0,0,Mon May 28 2018 13:56:22 GMT+0800 (+08),2018-05-28 13:56:22
compton,up,1,1,1.00,Mon May 28 2018 13:56:23 GMT+0800 (+08),2018-05-28 13:56:23
menlo,up,1,1,1.00,Mon May 28 2018 13:56:23 GMT+0800 (+08),2018-05-28 13:56:23
orange,up,1,1,1.00,Mon May 28 2018 13:56:23 GMT+0800 (+08),2018-05-28 13:56:23
perks,down,1,0,0,Mon May 28 2018 13:56:23 GMT+0800 (+08),2018-05-28 13:56:23
cambrige,down,1,0,0,Mon May 28 2018 13:56:23 GMT+0800 (+08),2018-05-28 13:56:23
sudo,down,1,0,0,Mon May 28 2018 13:56:23 GMT+0800 (+08),2018-05-28 13:56:23
compton,up,1,1,1.00,Mon May 28 2018 13:56:24 GMT+0800 (+08),2018-05-28 13:56:24
menlo,up,1,1,1.00,Mon May 28 2018 13:56:24 GMT+0800 (+08),2018-05-28 13:56:24
orange,up,1,1,1.00,Mon May 28 2018 13:56:24 GMT+0800 (+08),2018-05-28 13:56:24
perks,down,1,0,0,Mon May 28 2018 13:56:24 GMT+0800 (+08),2018-05-28 13:56:24
sudo,down,1,0,0,Mon May 28 2018 13:56:24 GMT+0800 (+08),2018-05-28 13:56:24
cambrige,down,1,0,0,Mon May 28 2018 13:56:24 GMT+0800 (+08),2018-05-28 13:56:24
compton,up,1,1,1.00,Mon May 28 2018 13:56:24 GMT+0800 (+08),2018-05-28 13:56:24
menlo,up,1,1,1.00,Mon May 28 2018 13:56:24 GMT+0800 (+08),2018-05-28 13:56:24
orange,up,1,1,1.00,Mon May 28 2018 13:56:24 GMT+0800 (+08),2018-05-28 13:56:24
perks,down,1,0,0,Mon May 28 2018 13:56:24 GMT+0800 (+08),2018-05-28 13:56:24
cambrige,down,1,0,0,Mon May 28 2018 13:56:24 GMT+0800 (+08),2018-05-28 13:56:24
sudo,down,1,0,0,Mon May 28 2018 13:56:24 GMT+0800 (+08),2018-05-28 13:56:24
compton,up,1,1,1.00,Mon May 28 2018 13:56:25 GMT+0800 (+08),2018-05-28 13:56:25
menlo,up,1,1,1.00,Mon May 28 2018 13:56:25 GMT+0800 (+08),2018-05-28 13:56:25
orange,up,1,1,1.00,Mon May 28 2018 13:56:25 GMT+0800 (+08),2018-05-28 13:56:25
perks,down,1,0,0,Mon May 28 2018 13:56:25 GMT+0800 (+08),2018-05-28 13:56:25
cambrige,down,1,0,0,Mon May 28 2018 13:56:25 GMT+0800 (+08),2018-05-28 13:56:25
sudo,down,1,0,0,Mon May 28 2018 13:56:25 GMT+0800 (+08),2018-05-28 13:56:25
compton,up,1,1,1.00,Mon May 28 2018 13:56:26 GMT+0800 (+08),2018-05-28 13:56:26
menlo,up,1,1,1.00,Mon May 28 2018 13:56:26 GMT+0800 (+08),2018-05-28 13:56:26
orange,up,1,1,1.00,Mon May 28 2018 13:56:26 GMT+0800 (+08),2018-05-28 13:56:26
perks,down,1,0,0,Mon May 28 2018 13:56:26 GMT+0800 (+08),2018-05-28 13:56:26
cambrige,down,1,0,0,Mon May 28 2018 13:56:26 GMT+0800 (+08),2018-05-28 13:56:26
sudo,down,1,0,0,Mon May 28 2018 13:56:26 GMT+0800 (+08),2018-05-28 13:56:26
compton,up,1,1,1.00,Mon May 28 2018 13:56:27 GMT+0800 (+08),2018-05-28 13:56:27
menlo,up,1,1,1.00,Mon May 28 2018 13:56:27 GMT+0800 (+08),2018-05-28 13:56:27
orange,up,1,1,1.00,Mon May 28 2018 13:56:27 GMT+0800 (+08),2018-05-28 13:56:27
perks,down,1,0,0,Mon May 28 2018 13:56:27 GMT+0800 (+08),2018-05-28 13:56:27
cambrige,down,1,0,0,Mon May 28 2018 13:56:27 GMT+0800 (+08),2018-05-28 13:56:27
sudo,down,1,0,0,Mon May 28 2018 13:56:27 GMT+0800 (+08),2018-05-28 13:56:27
compton,up,1,1,1.00,Mon May 28 2018 13:56:29 GMT+0800 (+08),2018-05-28 13:56:29
menlo,up,1,1,1.00,Mon May 28 2018 13:56:29 GMT+0800 (+08),2018-05-28 13:56:29
orange,up,1,1,1.00,Mon May 28 2018 13:56:29 GMT+0800 (+08),2018-05-28 13:56:29
perks,down,1,0,0,Mon May 28 2018 13:56:29 GMT+0800 (+08),2018-05-28 13:56:29
cambrige,down,1,0,0,Mon May 28 2018 13:56:29 GMT+0800 (+08),2018-05-28 13:56:29
sudo,down,1,0,0,Mon May 28 2018 13:56:29 GMT+0800 (+08),2018-05-28 13:56:29
compton,up,1,1,1.00,Mon May 28 2018 13:56:30 GMT+0800 (+08),2018-05-28 13:56:30
menlo,up,1,1,1.00,Mon May 28 2018 13:56:30 GMT+0800 (+08),2018-05-28 13:56:30
orange,up,1,1,1.00,Mon May 28 2018 13:56:30 GMT+0800 (+08),2018-05-28 13:56:30
perks,down,1,0,0,Mon May 28 2018 13:56:30 GMT+0800 (+08),2018-05-28 13:56:30
cambrige,down,1,0,0,Mon May 28 2018 13:56:30 GMT+0800 (+08),2018-05-28 13:56:30
sudo,down,1,0,0,Mon May 28 2018 13:56:30 GMT+0800 (+08),2018-05-28 13:56:30
compton,up,1,1,1.00,Mon May 28 2018 13:56:31 GMT+0800 (+08),2018-05-28 13:56:31
menlo,up,1,1,1.00,Mon May 28 2018 13:56:31 GMT+0800 (+08),2018-05-28 13:56:31
orange,up,1,1,1.00,Mon May 28 2018 13:56:31 GMT+0800 (+08),2018-05-28 13:56:31
perks,down,1,0,0,Mon May 28 2018 13:56:31 GMT+0800 (+08),2018-05-28 13:56:31
cambrige,down,1,0,0,Mon May 28 2018 13:56:31 GMT+0800 (+08),2018-05-28 13:56:31
sudo,down,1,0,0,Mon May 28 2018 13:56:31 GMT+0800 (+08),2018-05-28 13:56:31
compton,up,1,1,1.00,Mon May 28 2018 13:56:32 GMT+0800 (+08),2018-05-28 13:56:32
menlo,up,1,1,1.00,Mon May 28 2018 13:56:32 GMT+0800 (+08),2018-05-28 13:56:32
orange,up,1,1,1.00,Mon May 28 2018 13:56:32 GMT+0800 (+08),2018-05-28 13:56:32
perks,down,1,0,0,Mon May 28 2018 13:56:32 GMT+0800 (+08),2018-05-28 13:56:32
cambrige,down,1,0,0,Mon May 28 2018 13:56:32 GMT+0800 (+08),2018-05-28 13:56:32
sudo,down,1,0,0,Mon May 28 2018 13:56:32 GMT+0800 (+08),2018-05-28 13:56:32
compton,up,1,1,1.00,Mon May 28 2018 13:56:33 GMT+0800 (+08),2018-05-28 13:56:33
menlo,up,1,1,1.00,Mon May 28 2018 13:56:33 GMT+0800 (+08),2018-05-28 13:56:33
orange,up,1,1,1.00,Mon May 28 2018 13:56:33 GMT+0800 (+08),2018-05-28 13:56:33
perks,down,1,0,0,Mon May 28 2018 13:56:33 GMT+0800 (+08),2018-05-28 13:56:33
cambrige,down,1,0,0,Mon May 28 2018 13:56:33 GMT+0800 (+08),2018-05-28 13:56:33
sudo,down,1,0,0,Mon May 28 2018 13:56:33 GMT+0800 (+08),2018-05-28 13:56:33
compton,up,1,1,1.00,Mon May 28 2018 13:56:34 GMT+0800 (+08),2018-05-28 13:56:34
menlo,up,1,1,1.00,Mon May 28 2018 13:56:34 GMT+0800 (+08),2018-05-28 13:56:34
orange,up,1,1,1.00,Mon May 28 2018 13:56:34 GMT+0800 (+08),2018-05-28 13:56:34
perks,down,1,0,0,Mon May 28 2018 13:56:34 GMT+0800 (+08),2018-05-28 13:56:34
cambrige,down,1,0,0,Mon May 28 2018 13:56:34 GMT+0800 (+08),2018-05-28 13:56:34
sudo,down,1,0,0,Mon May 28 2018 13:56:34 GMT+0800 (+08),2018-05-28 13:56:34
compton,up,1,1,1.00,Mon May 28 2018 13:56:35 GMT+0800 (+08),2018-05-28 13:56:35
menlo,up,1,1,1.00,Mon May 28 2018 13:56:35 GMT+0800 (+08),2018-05-28 13:56:35
orange,up,1,1,1.00,Mon May 28 2018 13:56:35 GMT+0800 (+08),2018-05-28 13:56:35
perks,down,1,0,0,Mon May 28 2018 13:56:35 GMT+0800 (+08),2018-05-28 13:56:35
cambrige,down,1,0,0,Mon May 28 2018 13:56:35 GMT+0800 (+08),2018-05-28 13:56:35
sudo,down,1,0,0,Mon May 28 2018 13:56:35 GMT+0800 (+08),2018-05-28 13:56:35
compton,up,1,1,1.00,Mon May 28 2018 13:56:36 GMT+0800 (+08),2018-05-28 13:56:36
menlo,up,1,1,1.00,Mon May 28 2018 13:56:36 GMT+0800 (+08),2018-05-28 13:56:36
orange,up,1,1,1.00,Mon May 28 2018 13:56:36 GMT+0800 (+08),2018-05-28 13:56:36
perks,down,1,0,0,Mon May 28 2018 13:56:36 GMT+0800 (+08),2018-05-28 13:56:36
cambrige,down,1,0,0,Mon May 28 2018 13:56:36 GMT+0800 (+08),2018-05-28 13:56:36
sudo,down,1,0,0,Mon May 28 2018 13:56:36 GMT+0800 (+08),2018-05-28 13:56:36
compton,up,1,1,1.00,Mon May 28 2018 13:56:37 GMT+0800 (+08),2018-05-28 13:56:37
menlo,up,1,1,1.00,Mon May 28 2018 13:56:37 GMT+0800 (+08),2018-05-28 13:56:37
orange,up,1,1,1.00,Mon May 28 2018 13:56:37 GMT+0800 (+08),2018-05-28 13:56:37
perks,down,1,0,0,Mon May 28 2018 13:56:37 GMT+0800 (+08),2018-05-28 13:56:37
cambrige,down,1,0,0,Mon May 28 2018 13:56:37 GMT+0800 (+08),2018-05-28 13:56:37
sudo,down,1,0,0,Mon May 28 2018 13:56:37 GMT+0800 (+08),2018-05-28 13:56:37
menlo,up,1,1,1.00,Mon May 28 2018 13:56:38 GMT+0800 (+08),2018-05-28 13:56:38
compton,up,1,1,1.00,Mon May 28 2018 13:56:38 GMT+0800 (+08),2018-05-28 13:56:38
orange,up,1,1,1.00,Mon May 28 2018 13:56:38 GMT+0800 (+08),2018-05-28 13:56:38
perks,down,1,0,0,Mon May 28 2018 13:56:38 GMT+0800 (+08),2018-05-28 13:56:38
cambrige,down,1,0,0,Mon May 28 2018 13:56:38 GMT+0800 (+08),2018-05-28 13:56:38
sudo,down,1,0,0,Mon May 28 2018 13:56:38 GMT+0800 (+08),2018-05-28 13:56:38
compton,up,1,1,1.00,Mon May 28 2018 13:56:39 GMT+0800 (+08),2018-05-28 13:56:39
menlo,up,1,1,1.00,Mon May 28 2018 13:56:39 GMT+0800 (+08),2018-05-28 13:56:39
orange,up,1,1,1.00,Mon May 28 2018 13:56:39 GMT+0800 (+08),2018-05-28 13:56:39
perks,down,1,0,0,Mon May 28 2018 13:56:39 GMT+0800 (+08),2018-05-28 13:56:39
cambrige,down,1,0,0,Mon May 28 2018 13:56:39 GMT+0800 (+08),2018-05-28 13:56:39
sudo,down,1,0,0,Mon May 28 2018 13:56:39 GMT+0800 (+08),2018-05-28 13:56:39
compton,up,1,1,1.00,Mon May 28 2018 13:56:41 GMT+0800 (+08),2018-05-28 13:56:41
menlo,up,1,1,1.00,Mon May 28 2018 13:56:41 GMT+0800 (+08),2018-05-28 13:56:41
orange,up,1,1,1.00,Mon May 28 2018 13:56:41 GMT+0800 (+08),2018-05-28 13:56:41
perks,down,1,0,0,Mon May 28 2018 13:56:41 GMT+0800 (+08),2018-05-28 13:56:41
cambrige,down,1,0,0,Mon May 28 2018 13:56:41 GMT+0800 (+08),2018-05-28 13:56:41
sudo,down,1,0,0,Mon May 28 2018 13:56:41 GMT+0800 (+08),2018-05-28 13:56:41
compton,up,1,1,1.00,Mon May 28 2018 13:56:42 GMT+0800 (+08),2018-05-28 13:56:42
menlo,up,1,1,1.00,Mon May 28 2018 13:56:42 GMT+0800 (+08),2018-05-28 13:56:42
orange,up,1,1,1.00,Mon May 28 2018 13:56:42 GMT+0800 (+08),2018-05-28 13:56:42
perks,down,1,0,0,Mon May 28 2018 13:56:42 GMT+0800 (+08),2018-05-28 13:56:42
cambrige,down,1,0,0,Mon May 28 2018 13:56:42 GMT+0800 (+08),2018-05-28 13:56:42
sudo,down,1,0,0,Mon May 28 2018 13:56:42 GMT+0800 (+08),2018-05-28 13:56:42
compton,up,1,1,1.00,Mon May 28 2018 14:00:04 GMT+0800 (+08),2018-05-28 14:00:04
cambrige,down,1,0,0,Mon May 28 2018 14:00:04 GMT+0800 (+08),2018-05-28 14:00:04
sudo,down,1,0,0,Mon May 28 2018 14:00:04 GMT+0800 (+08),2018-05-28 14:00:04
menlo,up,1,1,1.00,Mon May 28 2018 14:00:04 GMT+0800 (+08),2018-05-28 14:00:04
orange,up,1,1,1.00,Mon May 28 2018 14:00:04 GMT+0800 (+08),2018-05-28 14:00:04
perks,down,1,0,0,Mon May 28 2018 14:00:04 GMT+0800 (+08),2018-05-28 14:00:04
compton,up,1,1,1.00,Mon May 28 2018 14:15:08 GMT+0800 (+08),2018-05-28 14:15:08
menlo,up,1,1,1.00,Mon May 28 2018 14:15:08 GMT+0800 (+08),2018-05-28 14:15:08
orange,up,1,1,1.00,Mon May 28 2018 14:15:08 GMT+0800 (+08),2018-05-28 14:15:08
perks,down,1,0,0,Mon May 28 2018 14:15:08 GMT+0800 (+08),2018-05-28 14:15:08
cambrige,down,1,0,0,Mon May 28 2018 14:15:08 GMT+0800 (+08),2018-05-28 14:15:08
sudo,down,1,0,0,Mon May 28 2018 14:15:08 GMT+0800 (+08),2018-05-28 14:15:08
compton,up,1,1,1.00,Mon May 28 2018 14:16:00 GMT+0800 (+08),2018-05-28 14:16:00
menlo,up,1,1,1.00,Mon May 28 2018 14:16:00 GMT+0800 (+08),2018-05-28 14:16:00
orange,up,1,1,1.00,Mon May 28 2018 14:16:00 GMT+0800 (+08),2018-05-28 14:16:00
perks,down,1,0,0,Mon May 28 2018 14:16:00 GMT+0800 (+08),2018-05-28 14:16:00
cambrige,down,1,0,0,Mon May 28 2018 14:16:00 GMT+0800 (+08),2018-05-28 14:16:00
sudo,down,1,0,0,Mon May 28 2018 14:16:00 GMT+0800 (+08),2018-05-28 14:16:00
compton,up,1,1,1.00,Mon May 28 2018 14:19:47 GMT+0800 (+08),2018-05-28 14:19:47
menlo,up,1,1,1.00,Mon May 28 2018 14:19:47 GMT+0800 (+08),2018-05-28 14:19:47
orange,up,1,1,1.00,Mon May 28 2018 14:19:47 GMT+0800 (+08),2018-05-28 14:19:47
perks,down,1,0,0,Mon May 28 2018 14:19:47 GMT+0800 (+08),2018-05-28 14:19:47
cambrige,down,1,0,0,Mon May 28 2018 14:19:47 GMT+0800 (+08),2018-05-28 14:19:47
sudo,down,1,0,0,Mon May 28 2018 14:19:47 GMT+0800 (+08),2018-05-28 14:19:47
compton,up,1,1,1.00,Mon May 28 2018 14:23:31 GMT+0800 (+08),2018-05-28 14:23:31
menlo,up,1,1,1.00,Mon May 28 2018 14:23:31 GMT+0800 (+08),2018-05-28 14:23:31
orange,up,1,1,1.00,Mon May 28 2018 14:23:31 GMT+0800 (+08),2018-05-28 14:23:31
perks,down,1,-1,-1.00,Mon May 28 2018 14:23:31 GMT+0800 (+08),2018-05-28 14:23:31
cambrige,down,1,-1,-1.00,Mon May 28 2018 14:23:31 GMT+0800 (+08),2018-05-28 14:23:31
sudo,down,1,-1,-1.00,Mon May 28 2018 14:23:31 GMT+0800 (+08),2018-05-28 14:23:31
perks,down,1,-2,-2.00,Mon May 28 2018 15:00:04 GMT+0800 (+08),2018-05-28 15:00:04
orange,up,1,0,0,Mon May 28 2018 15:00:04 GMT+0800 (+08),2018-05-28 15:00:04
cambrige,down,1,-2,-2.00,Mon May 28 2018 15:00:04 GMT+0800 (+08),2018-05-28 15:00:04
sudo,down,1,-2,-2.00,Mon May 28 2018 15:00:04 GMT+0800 (+08),2018-05-28 15:00:04
menlo,up,1,0,0,Mon May 28 2018 15:00:04 GMT+0800 (+08),2018-05-28 15:00:04
compton,up,1,0,0,Mon May 28 2018 15:00:04 GMT+0800 (+08),2018-05-28 15:00:04
compton,up,1,1,1.00,Mon May 28 2018 16:00:02 GMT+0800 (+08),2018-05-28 16:00:02
menlo,up,1,1,1.00,Mon May 28 2018 16:00:02 GMT+0800 (+08),2018-05-28 16:00:02
orange,up,1,1,1.00,Mon May 28 2018 16:00:02 GMT+0800 (+08),2018-05-28 16:00:02
perks,down,1,-1,-1.00,Mon May 28 2018 16:00:02 GMT+0800 (+08),2018-05-28 16:00:02
cambrige,down,1,-1,-1.00,Mon May 28 2018 16:00:02 GMT+0800 (+08),2018-05-28 16:00:02
sudo,down,1,-1,-1.00,Mon May 28 2018 16:00:02 GMT+0800 (+08),2018-05-28 16:00:02
compton,up,1,0,0,Mon May 28 2018 16:38:05 GMT+0800 (+08),2018-05-28 16:38:05
menlo,up,1,0,0,Mon May 28 2018 16:38:05 GMT+0800 (+08),2018-05-28 16:38:05
orange,up,1,0,0,Mon May 28 2018 16:38:05 GMT+0800 (+08),2018-05-28 16:38:05
perks,down,1,-2,-2.00,Mon May 28 2018 16:38:05 GMT+0800 (+08),2018-05-28 16:38:05
cambrige,down,1,-2,-2.00,Mon May 28 2018 16:38:05 GMT+0800 (+08),2018-05-28 16:38:05
sudo,down,1,-2,-2.00,Mon May 28 2018 16:38:05 GMT+0800 (+08),2018-05-28 16:38:05
compton,up,1,-1,-1.00,Mon May 28 2018 17:00:02 GMT+0800 (+08),2018-05-28 17:00:02
menlo,up,1,-1,-1.00,Mon May 28 2018 17:00:02 GMT+0800 (+08),2018-05-28 17:00:02
orange,up,1,-1,-1.00,Mon May 28 2018 17:00:02 GMT+0800 (+08),2018-05-28 17:00:02
perks,down,1,-3,-3.00,Mon May 28 2018 17:00:02 GMT+0800 (+08),2018-05-28 17:00:02
cambrige,down,1,-3,-3.00,Mon May 28 2018 17:00:02 GMT+0800 (+08),2018-05-28 17:00:02
sudo,down,1,-3,-3.00,Mon May 28 2018 17:00:02 GMT+0800 (+08),2018-05-28 17:00:02
compton,up,1,-2,-2.00,Mon May 28 2018 18:00:03 GMT+0800 (+08),2018-05-28 18:00:03
menlo,up,1,-2,-2.00,Mon May 28 2018 18:00:03 GMT+0800 (+08),2018-05-28 18:00:03
orange,up,1,-2,-2.00,Mon May 28 2018 18:00:03 GMT+0800 (+08),2018-05-28 18:00:03
perks,down,1,-4,-4.00,Mon May 28 2018 18:00:03 GMT+0800 (+08),2018-05-28 18:00:03
cambrige,down,1,-4,-4.00,Mon May 28 2018 18:00:03 GMT+0800 (+08),2018-05-28 18:00:03
sudo,down,1,-4,-4.00,Mon May 28 2018 18:00:03 GMT+0800 (+08),2018-05-28 18:00:03
compton,up,1,-3,-3.00,Mon May 28 2018 19:00:02 GMT+0800 (+08),2018-05-28 19:00:02
menlo,up,1,-3,-3.00,Mon May 28 2018 19:00:02 GMT+0800 (+08),2018-05-28 19:00:02
orange,up,1,-3,-3.00,Mon May 28 2018 19:00:02 GMT+0800 (+08),2018-05-28 19:00:02
perks,down,1,-5,-5.00,Mon May 28 2018 19:00:02 GMT+0800 (+08),2018-05-28 19:00:02
cambrige,down,1,-5,-5.00,Mon May 28 2018 19:00:02 GMT+0800 (+08),2018-05-28 19:00:02
sudo,down,1,-5,-5.00,Mon May 28 2018 19:00:02 GMT+0800 (+08),2018-05-28 19:00:02
compton,up,1,-4,-4.00,Mon May 28 2018 20:00:03 GMT+0800 (+08),2018-05-28 20:00:03
menlo,up,1,-4,-4.00,Mon May 28 2018 20:00:03 GMT+0800 (+08),2018-05-28 20:00:03
orange,up,1,-4,-4.00,Mon May 28 2018 20:00:03 GMT+0800 (+08),2018-05-28 20:00:03
perks,down,1,-6,-6.00,Mon May 28 2018 20:00:03 GMT+0800 (+08),2018-05-28 20:00:03
cambrige,down,1,-6,-6.00,Mon May 28 2018 20:00:03 GMT+0800 (+08),2018-05-28 20:00:03
sudo,down,1,-6,-6.00,Mon May 28 2018 20:00:03 GMT+0800 (+08),2018-05-28 20:00:03
compton,up,1,-5,-5.00,Mon May 28 2018 21:00:03 GMT+0800 (+08),2018-05-28 21:00:03
menlo,up,1,-5,-5.00,Mon May 28 2018 21:00:03 GMT+0800 (+08),2018-05-28 21:00:03
orange,up,1,-5,-5.00,Mon May 28 2018 21:00:03 GMT+0800 (+08),2018-05-28 21:00:03
perks,down,1,-7,-7.00,Mon May 28 2018 21:00:03 GMT+0800 (+08),2018-05-28 21:00:03
cambrige,down,1,-7,-7.00,Mon May 28 2018 21:00:03 GMT+0800 (+08),2018-05-28 21:00:03
sudo,down,1,-7,-7.00,Mon May 28 2018 21:00:03 GMT+0800 (+08),2018-05-28 21:00:03
compton,up,1,-6,-6.00,Mon May 28 2018 22:00:04 GMT+0800 (+08),2018-05-28 22:00:04
cambrige,down,1,-8,-8.00,Mon May 28 2018 22:00:04 GMT+0800 (+08),2018-05-28 22:00:04
sudo,down,1,-8,-8.00,Mon May 28 2018 22:00:04 GMT+0800 (+08),2018-05-28 22:00:04
perks,down,1,-8,-8.00,Mon May 28 2018 22:00:04 GMT+0800 (+08),2018-05-28 22:00:04
menlo,up,1,-6,-6.00,Mon May 28 2018 22:00:04 GMT+0800 (+08),2018-05-28 22:00:04
orange,up,1,-6,-6.00,Mon May 28 2018 22:00:04 GMT+0800 (+08),2018-05-28 22:00:04
compton,up,1,-5,-5.00,Mon May 28 2018 23:00:02 GMT+0800 (+08),2018-05-28 23:00:02
menlo,up,1,-5,-5.00,Mon May 28 2018 23:00:02 GMT+0800 (+08),2018-05-28 23:00:02
orange,up,1,-5,-5.00,Mon May 28 2018 23:00:02 GMT+0800 (+08),2018-05-28 23:00:02
perks,down,1,-7,-7.00,Mon May 28 2018 23:00:02 GMT+0800 (+08),2018-05-28 23:00:02
cambrige,down,1,-7,-7.00,Mon May 28 2018 23:00:02 GMT+0800 (+08),2018-05-28 23:00:02
sudo,down,1,-7,-7.00,Mon May 28 2018 23:00:02 GMT+0800 (+08),2018-05-28 23:00:02
compton,up,1,-6,-6.00,Tue May 29 2018 00:00:02 GMT+0800 (+08),2018-05-29 00:00:02
menlo,up,1,-6,-6.00,Tue May 29 2018 00:00:02 GMT+0800 (+08),2018-05-29 00:00:02
orange,up,1,-6,-6.00,Tue May 29 2018 00:00:02 GMT+0800 (+08),2018-05-29 00:00:02
perks,down,1,-8,-8.00,Tue May 29 2018 00:00:02 GMT+0800 (+08),2018-05-29 00:00:02
cambrige,down,1,-8,-8.00,Tue May 29 2018 00:00:02 GMT+0800 (+08),2018-05-29 00:00:02
sudo,down,1,-8,-8.00,Tue May 29 2018 00:00:02 GMT+0800 (+08),2018-05-29 00:00:02
compton,up,1,-7,-7.00,Tue May 29 2018 01:00:03 GMT+0800 (+08),2018-05-29 01:00:03
menlo,up,1,-7,-7.00,Tue May 29 2018 01:00:03 GMT+0800 (+08),2018-05-29 01:00:03
orange,up,1,-7,-7.00,Tue May 29 2018 01:00:03 GMT+0800 (+08),2018-05-29 01:00:03
cambrige,down,1,-9,-9.00,Tue May 29 2018 01:00:03 GMT+0800 (+08),2018-05-29 01:00:03
sudo,down,1,-9,-9.00,Tue May 29 2018 01:00:03 GMT+0800 (+08),2018-05-29 01:00:03
perks,down,1,-9,-9.00,Tue May 29 2018 01:00:03 GMT+0800 (+08),2018-05-29 01:00:03
compton,up,1,-8,-8.00,Tue May 29 2018 02:00:02 GMT+0800 (+08),2018-05-29 02:00:02
menlo,up,1,-8,-8.00,Tue May 29 2018 02:00:02 GMT+0800 (+08),2018-05-29 02:00:02
orange,up,1,-8,-8.00,Tue May 29 2018 02:00:02 GMT+0800 (+08),2018-05-29 02:00:02
perks,down,1,-10,-10.00,Tue May 29 2018 02:00:02 GMT+0800 (+08),2018-05-29 02:00:02
cambrige,down,1,-10,-10.00,Tue May 29 2018 02:00:02 GMT+0800 (+08),2018-05-29 02:00:02
sudo,down,1,-10,-10.00,Tue May 29 2018 02:00:02 GMT+0800 (+08),2018-05-29 02:00:02
compton,up,1,-9,-9.00,Tue May 29 2018 03:00:02 GMT+0800 (+08),2018-05-29 03:00:02
menlo,up,1,-9,-9.00,Tue May 29 2018 03:00:02 GMT+0800 (+08),2018-05-29 03:00:02
orange,up,1,-9,-9.00,Tue May 29 2018 03:00:02 GMT+0800 (+08),2018-05-29 03:00:02
perks,down,1,-11,-11.00,Tue May 29 2018 03:00:02 GMT+0800 (+08),2018-05-29 03:00:02
cambrige,down,1,-11,-11.00,Tue May 29 2018 03:00:02 GMT+0800 (+08),2018-05-29 03:00:02
sudo,down,1,-11,-11.00,Tue May 29 2018 03:00:02 GMT+0800 (+08),2018-05-29 03:00:02
compton,up,1,-10,-10.00,Tue May 29 2018 04:00:01 GMT+0800 (+08),2018-05-29 04:00:01
menlo,up,1,-10,-10.00,Tue May 29 2018 04:00:01 GMT+0800 (+08),2018-05-29 04:00:01
orange,up,1,-10,-10.00,Tue May 29 2018 04:00:01 GMT+0800 (+08),2018-05-29 04:00:01
perks,down,1,-12,-12.00,Tue May 29 2018 04:00:01 GMT+0800 (+08),2018-05-29 04:00:01
cambrige,down,1,-12,-12.00,Tue May 29 2018 04:00:01 GMT+0800 (+08),2018-05-29 04:00:01
sudo,down,1,-12,-12.00,Tue May 29 2018 04:00:01 GMT+0800 (+08),2018-05-29 04:00:01
compton,up,1,-11,-11.00,Tue May 29 2018 05:00:02 GMT+0800 (+08),2018-05-29 05:00:02
menlo,up,1,-11,-11.00,Tue May 29 2018 05:00:02 GMT+0800 (+08),2018-05-29 05:00:02
orange,up,1,-11,-11.00,Tue May 29 2018 05:00:02 GMT+0800 (+08),2018-05-29 05:00:02
perks,down,1,-13,-13.00,Tue May 29 2018 05:00:02 GMT+0800 (+08),2018-05-29 05:00:02
cambrige,down,1,-13,-13.00,Tue May 29 2018 05:00:02 GMT+0800 (+08),2018-05-29 05:00:02
sudo,down,1,-13,-13.00,Tue May 29 2018 05:00:02 GMT+0800 (+08),2018-05-29 05:00:02
menlo,up,1,-12,-12.00,Tue May 29 2018 06:00:02 GMT+0800 (+08),2018-05-29 06:00:02
compton,up,1,-12,-12.00,Tue May 29 2018 06:00:02 GMT+0800 (+08),2018-05-29 06:00:02
orange,up,1,-12,-12.00,Tue May 29 2018 06:00:02 GMT+0800 (+08),2018-05-29 06:00:02
perks,down,1,-14,-14.00,Tue May 29 2018 06:00:02 GMT+0800 (+08),2018-05-29 06:00:02
cambrige,down,1,-14,-14.00,Tue May 29 2018 06:00:02 GMT+0800 (+08),2018-05-29 06:00:02
sudo,down,1,-14,-14.00,Tue May 29 2018 06:00:02 GMT+0800 (+08),2018-05-29 06:00:02
compton,up,1,-13,-13.00,Tue May 29 2018 07:00:01 GMT+0800 (+08),2018-05-29 07:00:01
menlo,up,1,-13,-13.00,Tue May 29 2018 07:00:01 GMT+0800 (+08),2018-05-29 07:00:01
orange,up,1,-13,-13.00,Tue May 29 2018 07:00:01 GMT+0800 (+08),2018-05-29 07:00:01
perks,down,1,-15,-15.00,Tue May 29 2018 07:00:01 GMT+0800 (+08),2018-05-29 07:00:01
cambrige,down,1,-15,-15.00,Tue May 29 2018 07:00:01 GMT+0800 (+08),2018-05-29 07:00:01
sudo,down,1,-15,-15.00,Tue May 29 2018 07:00:01 GMT+0800 (+08),2018-05-29 07:00:01
compton,up,1,-14,-14.00,Tue May 29 2018 08:00:02 GMT+0800 (+08),2018-05-29 08:00:02
menlo,up,1,-14,-14.00,Tue May 29 2018 08:00:02 GMT+0800 (+08),2018-05-29 08:00:02
orange,up,1,-14,-14.00,Tue May 29 2018 08:00:02 GMT+0800 (+08),2018-05-29 08:00:02
perks,down,1,-16,-16.00,Tue May 29 2018 08:00:02 GMT+0800 (+08),2018-05-29 08:00:02
cambrige,down,1,-16,-16.00,Tue May 29 2018 08:00:02 GMT+0800 (+08),2018-05-29 08:00:02
sudo,down,1,-16,-16.00,Tue May 29 2018 08:00:02 GMT+0800 (+08),2018-05-29 08:00:02
compton,up,1,-15,-15.00,Tue May 29 2018 09:00:02 GMT+0800 (+08),2018-05-29 09:00:02
menlo,up,1,-15,-15.00,Tue May 29 2018 09:00:02 GMT+0800 (+08),2018-05-29 09:00:02
orange,up,1,-15,-15.00,Tue May 29 2018 09:00:02 GMT+0800 (+08),2018-05-29 09:00:02
perks,down,1,-17,-17.00,Tue May 29 2018 09:00:02 GMT+0800 (+08),2018-05-29 09:00:02
cambrige,down,1,-17,-17.00,Tue May 29 2018 09:00:02 GMT+0800 (+08),2018-05-29 09:00:02
sudo,down,1,-17,-17.00,Tue May 29 2018 09:00:02 GMT+0800 (+08),2018-05-29 09:00:02
compton,up,1,-16,-16.00,Tue May 29 2018 10:00:02 GMT+0800 (+08),2018-05-29 10:00:02
menlo,up,1,-16,-16.00,Tue May 29 2018 10:00:02 GMT+0800 (+08),2018-05-29 10:00:02
orange,up,1,-16,-16.00,Tue May 29 2018 10:00:02 GMT+0800 (+08),2018-05-29 10:00:02
perks,down,1,-18,-18.00,Tue May 29 2018 10:00:02 GMT+0800 (+08),2018-05-29 10:00:02
cambrige,down,1,-18,-18.00,Tue May 29 2018 10:00:02 GMT+0800 (+08),2018-05-29 10:00:02
sudo,down,1,-18,-18.00,Tue May 29 2018 10:00:02 GMT+0800 (+08),2018-05-29 10:00:02
compton,up,1,-17,-17.00,Tue May 29 2018 11:00:02 GMT+0800 (+08),2018-05-29 11:00:02
menlo,up,1,-17,-17.00,Tue May 29 2018 11:00:02 GMT+0800 (+08),2018-05-29 11:00:02
orange,up,1,-17,-17.00,Tue May 29 2018 11:00:02 GMT+0800 (+08),2018-05-29 11:00:02
perks,down,1,-19,-19.00,Tue May 29 2018 11:00:02 GMT+0800 (+08),2018-05-29 11:00:02
cambrige,down,1,-19,-19.00,Tue May 29 2018 11:00:02 GMT+0800 (+08),2018-05-29 11:00:02
sudo,down,1,-19,-19.00,Tue May 29 2018 11:00:02 GMT+0800 (+08),2018-05-29 11:00:02
compton,up,1,-18,-18.00,Tue May 29 2018 12:00:02 GMT+0800 (+08),2018-05-29 12:00:02
menlo,up,1,-18,-18.00,Tue May 29 2018 12:00:02 GMT+0800 (+08),2018-05-29 12:00:02
orange,up,1,-18,-18.00,Tue May 29 2018 12:00:02 GMT+0800 (+08),2018-05-29 12:00:02
perks,down,1,-20,-20.00,Tue May 29 2018 12:00:02 GMT+0800 (+08),2018-05-29 12:00:02
cambrige,down,1,-20,-20.00,Tue May 29 2018 12:00:02 GMT+0800 (+08),2018-05-29 12:00:02
sudo,down,1,-20,-20.00,Tue May 29 2018 12:00:02 GMT+0800 (+08),2018-05-29 12:00:02
compton,up,1,-19,-19.00,Tue May 29 2018 13:00:03 GMT+0800 (+08),2018-05-29 13:00:03
orange,up,1,-19,-19.00,Tue May 29 2018 13:00:03 GMT+0800 (+08),2018-05-29 13:00:03
menlo,up,1,-19,-19.00,Tue May 29 2018 13:00:03 GMT+0800 (+08),2018-05-29 13:00:03
perks,down,1,-21,-21.00,Tue May 29 2018 13:00:03 GMT+0800 (+08),2018-05-29 13:00:03
cambrige,down,1,-21,-21.00,Tue May 29 2018 13:00:03 GMT+0800 (+08),2018-05-29 13:00:03
sudo,down,1,-21,-21.00,Tue May 29 2018 13:00:03 GMT+0800 (+08),2018-05-29 13:00:03
compton,up,1,-20,-20.00,Tue May 29 2018 14:00:03 GMT+0800 (+08),2018-05-29 14:00:03
orange,up,1,-20,-20.00,Tue May 29 2018 14:00:03 GMT+0800 (+08),2018-05-29 14:00:03
perks,down,1,-22,-22.00,Tue May 29 2018 14:00:03 GMT+0800 (+08),2018-05-29 14:00:03
menlo,up,1,-20,-20.00,Tue May 29 2018 14:00:03 GMT+0800 (+08),2018-05-29 14:00:03
cambrige,down,1,-22,-22.00,Tue May 29 2018 14:00:03 GMT+0800 (+08),2018-05-29 14:00:03
sudo,down,1,-22,-22.00,Tue May 29 2018 14:00:03 GMT+0800 (+08),2018-05-29 14:00:03
compton,up,1,-21,-21.00,Tue May 29 2018 15:00:04 GMT+0800 (+08),2018-05-29 15:00:04
menlo,up,1,-21,-21.00,Tue May 29 2018 15:00:04 GMT+0800 (+08),2018-05-29 15:00:04
orange,up,1,-21,-21.00,Tue May 29 2018 15:00:04 GMT+0800 (+08),2018-05-29 15:00:04
perks,down,1,-23,-23.00,Tue May 29 2018 15:00:04 GMT+0800 (+08),2018-05-29 15:00:04
cambrige,down,1,-23,-23.00,Tue May 29 2018 15:00:04 GMT+0800 (+08),2018-05-29 15:00:04
sudo,down,1,-23,-23.00,Tue May 29 2018 15:00:04 GMT+0800 (+08),2018-05-29 15:00:04
compton,up,1,-22,-22.00,Tue May 29 2018 16:00:04 GMT+0800 (+08),2018-05-29 16:00:04
menlo,up,1,-22,-22.00,Tue May 29 2018 16:00:04 GMT+0800 (+08),2018-05-29 16:00:04
perks,down,1,-24,-24.00,Tue May 29 2018 16:00:04 GMT+0800 (+08),2018-05-29 16:00:04
orange,up,1,-22,-22.00,Tue May 29 2018 16:00:04 GMT+0800 (+08),2018-05-29 16:00:04
cambrige,down,1,-24,-24.00,Tue May 29 2018 16:00:04 GMT+0800 (+08),2018-05-29 16:00:04
sudo,down,1,-24,-24.00,Tue May 29 2018 16:00:04 GMT+0800 (+08),2018-05-29 16:00:04
compton,up,1,-23,-23.00,Tue May 29 2018 17:00:02 GMT+0800 (+08),2018-05-29 17:00:02
menlo,up,1,-23,-23.00,Tue May 29 2018 17:00:02 GMT+0800 (+08),2018-05-29 17:00:02
orange,up,1,-23,-23.00,Tue May 29 2018 17:00:02 GMT+0800 (+08),2018-05-29 17:00:02
perks,down,1,-25,-25.00,Tue May 29 2018 17:00:02 GMT+0800 (+08),2018-05-29 17:00:02
cambrige,down,1,-25,-25.00,Tue May 29 2018 17:00:02 GMT+0800 (+08),2018-05-29 17:00:02
sudo,down,1,-25,-25.00,Tue May 29 2018 17:00:02 GMT+0800 (+08),2018-05-29 17:00:02
compton,up,1,-24,-24.00,Tue May 29 2018 18:00:07 GMT+0800 (+08),2018-05-29 18:00:07
menlo,up,1,-24,-24.00,Tue May 29 2018 18:00:07 GMT+0800 (+08),2018-05-29 18:00:07
orange,up,1,-24,-24.00,Tue May 29 2018 18:00:07 GMT+0800 (+08),2018-05-29 18:00:07
perks,down,1,-26,-26.00,Tue May 29 2018 18:00:07 GMT+0800 (+08),2018-05-29 18:00:07
cambrige,down,1,-26,-26.00,Tue May 29 2018 18:00:07 GMT+0800 (+08),2018-05-29 18:00:07
sudo,down,1,-26,-26.00,Tue May 29 2018 18:00:07 GMT+0800 (+08),2018-05-29 18:00:07
compton,up,1,-25,-25.00,Tue May 29 2018 19:00:02 GMT+0800 (+08),2018-05-29 19:00:02
menlo,up,1,-25,-25.00,Tue May 29 2018 19:00:02 GMT+0800 (+08),2018-05-29 19:00:02
orange,up,1,-25,-25.00,Tue May 29 2018 19:00:02 GMT+0800 (+08),2018-05-29 19:00:02
perks,down,1,-27,-27.00,Tue May 29 2018 19:00:02 GMT+0800 (+08),2018-05-29 19:00:02
cambrige,down,1,-27,-27.00,Tue May 29 2018 19:00:02 GMT+0800 (+08),2018-05-29 19:00:02
sudo,down,1,-27,-27.00,Tue May 29 2018 19:00:02 GMT+0800 (+08),2018-05-29 19:00:02
compton,up,1,-26,-26.00,Tue May 29 2018 20:00:03 GMT+0800 (+08),2018-05-29 20:00:03
menlo,up,1,-26,-26.00,Tue May 29 2018 20:00:03 GMT+0800 (+08),2018-05-29 20:00:03
orange,up,1,-26,-26.00,Tue May 29 2018 20:00:03 GMT+0800 (+08),2018-05-29 20:00:03
perks,down,1,-28,-28.00,Tue May 29 2018 20:00:03 GMT+0800 (+08),2018-05-29 20:00:03
cambrige,down,1,-28,-28.00,Tue May 29 2018 20:00:03 GMT+0800 (+08),2018-05-29 20:00:03
sudo,down,1,-28,-28.00,Tue May 29 2018 20:00:03 GMT+0800 (+08),2018-05-29 20:00:03
compton,up,1,-27,-27.00,Tue May 29 2018 21:00:03 GMT+0800 (+08),2018-05-29 21:00:03
menlo,up,1,-27,-27.00,Tue May 29 2018 21:00:03 GMT+0800 (+08),2018-05-29 21:00:03
orange,up,1,-27,-27.00,Tue May 29 2018 21:00:03 GMT+0800 (+08),2018-05-29 21:00:03
perks,down,1,-29,-29.00,Tue May 29 2018 21:00:03 GMT+0800 (+08),2018-05-29 21:00:03
cambrige,down,1,-29,-29.00,Tue May 29 2018 21:00:03 GMT+0800 (+08),2018-05-29 21:00:03
sudo,down,1,-29,-29.00,Tue May 29 2018 21:00:03 GMT+0800 (+08),2018-05-29 21:00:03
compton,up,1,-28,-28.00,Tue May 29 2018 22:00:03 GMT+0800 (+08),2018-05-29 22:00:03
menlo,up,1,-28,-28.00,Tue May 29 2018 22:00:03 GMT+0800 (+08),2018-05-29 22:00:03
orange,up,1,-28,-28.00,Tue May 29 2018 22:00:03 GMT+0800 (+08),2018-05-29 22:00:03
perks,down,1,-30,-30.00,Tue May 29 2018 22:00:03 GMT+0800 (+08),2018-05-29 22:00:03
cambrige,down,1,-30,-30.00,Tue May 29 2018 22:00:03 GMT+0800 (+08),2018-05-29 22:00:03
sudo,down,1,-30,-30.00,Tue May 29 2018 22:00:03 GMT+0800 (+08),2018-05-29 22:00:03
compton,up,1,-29,-29.00,Tue May 29 2018 23:00:03 GMT+0800 (+08),2018-05-29 23:00:03
menlo,up,1,-29,-29.00,Tue May 29 2018 23:00:03 GMT+0800 (+08),2018-05-29 23:00:03
orange,up,1,-29,-29.00,Tue May 29 2018 23:00:03 GMT+0800 (+08),2018-05-29 23:00:03
perks,down,1,-31,-31.00,Tue May 29 2018 23:00:03 GMT+0800 (+08),2018-05-29 23:00:03
cambrige,down,1,-31,-31.00,Tue May 29 2018 23:00:03 GMT+0800 (+08),2018-05-29 23:00:03
sudo,down,1,-31,-31.00,Tue May 29 2018 23:00:03 GMT+0800 (+08),2018-05-29 23:00:03
compton,up,1,-30,-30.00,Wed May 30 2018 00:00:03 GMT+0800 (+08),2018-05-30 00:00:03
menlo,up,1,-30,-30.00,Wed May 30 2018 00:00:03 GMT+0800 (+08),2018-05-30 00:00:03
orange,up,1,-30,-30.00,Wed May 30 2018 00:00:03 GMT+0800 (+08),2018-05-30 00:00:03
perks,down,1,-32,-32.00,Wed May 30 2018 00:00:03 GMT+0800 (+08),2018-05-30 00:00:03
cambrige,down,1,-32,-32.00,Wed May 30 2018 00:00:03 GMT+0800 (+08),2018-05-30 00:00:03
sudo,down,1,-32,-32.00,Wed May 30 2018 00:00:03 GMT+0800 (+08),2018-05-30 00:00:03
compton,up,1,-31,-31.00,Wed May 30 2018 01:00:03 GMT+0800 (+08),2018-05-30 01:00:03
menlo,up,1,-31,-31.00,Wed May 30 2018 01:00:03 GMT+0800 (+08),2018-05-30 01:00:03
orange,up,1,-31,-31.00,Wed May 30 2018 01:00:03 GMT+0800 (+08),2018-05-30 01:00:03
perks,down,1,-33,-33.00,Wed May 30 2018 01:00:03 GMT+0800 (+08),2018-05-30 01:00:03
cambrige,down,1,-33,-33.00,Wed May 30 2018 01:00:03 GMT+0800 (+08),2018-05-30 01:00:03
sudo,down,1,-33,-33.00,Wed May 30 2018 01:00:03 GMT+0800 (+08),2018-05-30 01:00:03
compton,up,1,-32,-32.00,Wed May 30 2018 02:00:02 GMT+0800 (+08),2018-05-30 02:00:02
menlo,up,1,-32,-32.00,Wed May 30 2018 02:00:02 GMT+0800 (+08),2018-05-30 02:00:02
orange,up,1,-32,-32.00,Wed May 30 2018 02:00:02 GMT+0800 (+08),2018-05-30 02:00:02
perks,down,1,-34,-34.00,Wed May 30 2018 02:00:02 GMT+0800 (+08),2018-05-30 02:00:02
sudo,down,1,-34,-34.00,Wed May 30 2018 02:00:02 GMT+0800 (+08),2018-05-30 02:00:02
cambrige,down,1,-34,-34.00,Wed May 30 2018 02:00:02 GMT+0800 (+08),2018-05-30 02:00:02
compton,up,1,-33,-33.00,Wed May 30 2018 03:00:03 GMT+0800 (+08),2018-05-30 03:00:03
menlo,up,1,-33,-33.00,Wed May 30 2018 03:00:03 GMT+0800 (+08),2018-05-30 03:00:03
orange,up,1,-33,-33.00,Wed May 30 2018 03:00:03 GMT+0800 (+08),2018-05-30 03:00:03
perks,down,1,-35,-35.00,Wed May 30 2018 03:00:03 GMT+0800 (+08),2018-05-30 03:00:03
cambrige,down,1,-35,-35.00,Wed May 30 2018 03:00:03 GMT+0800 (+08),2018-05-30 03:00:03
sudo,down,1,-35,-35.00,Wed May 30 2018 03:00:03 GMT+0800 (+08),2018-05-30 03:00:03
compton,up,1,-34,-34.00,Wed May 30 2018 04:00:03 GMT+0800 (+08),2018-05-30 04:00:03
menlo,up,1,-34,-34.00,Wed May 30 2018 04:00:03 GMT+0800 (+08),2018-05-30 04:00:03
orange,up,1,-34,-34.00,Wed May 30 2018 04:00:03 GMT+0800 (+08),2018-05-30 04:00:03
perks,down,1,-36,-36.00,Wed May 30 2018 04:00:03 GMT+0800 (+08),2018-05-30 04:00:03
cambrige,down,1,-36,-36.00,Wed May 30 2018 04:00:03 GMT+0800 (+08),2018-05-30 04:00:03
sudo,down,1,-36,-36.00,Wed May 30 2018 04:00:03 GMT+0800 (+08),2018-05-30 04:00:03
compton,up,1,-35,-35.00,Wed May 30 2018 05:00:02 GMT+0800 (+08),2018-05-30 05:00:02
menlo,up,1,-35,-35.00,Wed May 30 2018 05:00:02 GMT+0800 (+08),2018-05-30 05:00:02
orange,up,1,-35,-35.00,Wed May 30 2018 05:00:02 GMT+0800 (+08),2018-05-30 05:00:02
perks,down,1,-37,-37.00,Wed May 30 2018 05:00:02 GMT+0800 (+08),2018-05-30 05:00:02
cambrige,down,1,-37,-37.00,Wed May 30 2018 05:00:02 GMT+0800 (+08),2018-05-30 05:00:02
sudo,down,1,-37,-37.00,Wed May 30 2018 05:00:02 GMT+0800 (+08),2018-05-30 05:00:02
compton,up,1,-36,-36.00,Wed May 30 2018 06:00:02 GMT+0800 (+08),2018-05-30 06:00:02
menlo,up,1,-36,-36.00,Wed May 30 2018 06:00:02 GMT+0800 (+08),2018-05-30 06:00:02
orange,up,1,-36,-36.00,Wed May 30 2018 06:00:02 GMT+0800 (+08),2018-05-30 06:00:02
cambrige,down,1,-38,-38.00,Wed May 30 2018 06:00:02 GMT+0800 (+08),2018-05-30 06:00:02
perks,down,1,-38,-38.00,Wed May 30 2018 06:00:02 GMT+0800 (+08),2018-05-30 06:00:02
sudo,down,1,-38,-38.00,Wed May 30 2018 06:00:02 GMT+0800 (+08),2018-05-30 06:00:02
compton,up,1,-37,-37.00,Wed May 30 2018 07:00:02 GMT+0800 (+08),2018-05-30 07:00:02
menlo,up,1,-37,-37.00,Wed May 30 2018 07:00:02 GMT+0800 (+08),2018-05-30 07:00:02
orange,up,1,-37,-37.00,Wed May 30 2018 07:00:02 GMT+0800 (+08),2018-05-30 07:00:02
perks,down,1,-39,-39.00,Wed May 30 2018 07:00:02 GMT+0800 (+08),2018-05-30 07:00:02
cambrige,down,1,-39,-39.00,Wed May 30 2018 07:00:02 GMT+0800 (+08),2018-05-30 07:00:02
sudo,down,1,-39,-39.00,Wed May 30 2018 07:00:02 GMT+0800 (+08),2018-05-30 07:00:02
compton,up,1,-38,-38.00,Wed May 30 2018 08:00:02 GMT+0800 (+08),2018-05-30 08:00:02
menlo,up,1,-38,-38.00,Wed May 30 2018 08:00:02 GMT+0800 (+08),2018-05-30 08:00:02
orange,up,1,-38,-38.00,Wed May 30 2018 08:00:02 GMT+0800 (+08),2018-05-30 08:00:02
perks,down,1,-40,-40.00,Wed May 30 2018 08:00:02 GMT+0800 (+08),2018-05-30 08:00:02
cambrige,down,1,-40,-40.00,Wed May 30 2018 08:00:02 GMT+0800 (+08),2018-05-30 08:00:02
sudo,down,1,-40,-40.00,Wed May 30 2018 08:00:02 GMT+0800 (+08),2018-05-30 08:00:02
compton,up,1,-39,-39.00,Wed May 30 2018 09:00:03 GMT+0800 (+08),2018-05-30 09:00:03
menlo,up,1,-39,-39.00,Wed May 30 2018 09:00:03 GMT+0800 (+08),2018-05-30 09:00:03
orange,up,1,-39,-39.00,Wed May 30 2018 09:00:03 GMT+0800 (+08),2018-05-30 09:00:03
perks,down,1,-41,-41.00,Wed May 30 2018 09:00:03 GMT+0800 (+08),2018-05-30 09:00:03
cambrige,down,1,-41,-41.00,Wed May 30 2018 09:00:03 GMT+0800 (+08),2018-05-30 09:00:03
sudo,down,1,-41,-41.00,Wed May 30 2018 09:00:03 GMT+0800 (+08),2018-05-30 09:00:03
compton,up,1,-40,-40.00,Wed May 30 2018 10:00:03 GMT+0800 (+08),2018-05-30 10:00:03
menlo,up,1,-40,-40.00,Wed May 30 2018 10:00:03 GMT+0800 (+08),2018-05-30 10:00:03
orange,up,1,-40,-40.00,Wed May 30 2018 10:00:03 GMT+0800 (+08),2018-05-30 10:00:03
perks,down,1,-42,-42.00,Wed May 30 2018 10:00:03 GMT+0800 (+08),2018-05-30 10:00:03
cambrige,down,1,-42,-42.00,Wed May 30 2018 10:00:03 GMT+0800 (+08),2018-05-30 10:00:03
sudo,down,1,-42,-42.00,Wed May 30 2018 10:00:03 GMT+0800 (+08),2018-05-30 10:00:03
compton,up,1,-41,-41.00,Wed May 30 2018 11:00:03 GMT+0800 (+08),2018-05-30 11:00:03
menlo,up,1,-41,-41.00,Wed May 30 2018 11:00:03 GMT+0800 (+08),2018-05-30 11:00:03
orange,up,1,-41,-41.00,Wed May 30 2018 11:00:03 GMT+0800 (+08),2018-05-30 11:00:03
perks,down,1,-43,-43.00,Wed May 30 2018 11:00:03 GMT+0800 (+08),2018-05-30 11:00:03
cambrige,down,1,-43,-43.00,Wed May 30 2018 11:00:03 GMT+0800 (+08),2018-05-30 11:00:03
sudo,down,1,-43,-43.00,Wed May 30 2018 11:00:03 GMT+0800 (+08),2018-05-30 11:00:03
compton,up,1,-42,-42.00,Wed May 30 2018 12:00:03 GMT+0800 (+08),2018-05-30 12:00:03
menlo,up,1,-42,-42.00,Wed May 30 2018 12:00:03 GMT+0800 (+08),2018-05-30 12:00:03
orange,up,1,-42,-42.00,Wed May 30 2018 12:00:03 GMT+0800 (+08),2018-05-30 12:00:03
perks,down,1,-44,-44.00,Wed May 30 2018 12:00:03 GMT+0800 (+08),2018-05-30 12:00:03
cambrige,down,1,-44,-44.00,Wed May 30 2018 12:00:03 GMT+0800 (+08),2018-05-30 12:00:03
sudo,down,1,-44,-44.00,Wed May 30 2018 12:00:03 GMT+0800 (+08),2018-05-30 12:00:03
compton,up,1,-43,-43.00,Wed May 30 2018 13:00:07 GMT+0800 (+08),2018-05-30 13:00:07
menlo,up,1,-43,-43.00,Wed May 30 2018 13:00:07 GMT+0800 (+08),2018-05-30 13:00:07
orange,up,1,-43,-43.00,Wed May 30 2018 13:00:07 GMT+0800 (+08),2018-05-30 13:00:07
perks,down,1,-45,-45.00,Wed May 30 2018 13:00:07 GMT+0800 (+08),2018-05-30 13:00:07
cambrige,down,1,-45,-45.00,Wed May 30 2018 13:00:07 GMT+0800 (+08),2018-05-30 13:00:07
sudo,down,1,-45,-45.00,Wed May 30 2018 13:00:07 GMT+0800 (+08),2018-05-30 13:00:07
compton,up,1,-44,-44.00,Wed May 30 2018 14:00:02 GMT+0800 (+08),2018-05-30 14:00:02
menlo,up,1,-44,-44.00,Wed May 30 2018 14:00:02 GMT+0800 (+08),2018-05-30 14:00:02
orange,up,1,-44,-44.00,Wed May 30 2018 14:00:02 GMT+0800 (+08),2018-05-30 14:00:02
perks,down,1,-46,-46.00,Wed May 30 2018 14:00:02 GMT+0800 (+08),2018-05-30 14:00:02
cambrige,down,1,-46,-46.00,Wed May 30 2018 14:00:02 GMT+0800 (+08),2018-05-30 14:00:02
sudo,down,1,-46,-46.00,Wed May 30 2018 14:00:02 GMT+0800 (+08),2018-05-30 14:00:02
menlo,up,1,-45,-45.00,Wed May 30 2018 15:00:03 GMT+0800 (+08),2018-05-30 15:00:03
orange,up,1,-45,-45.00,Wed May 30 2018 15:00:03 GMT+0800 (+08),2018-05-30 15:00:03
perks,down,1,-47,-47.00,Wed May 30 2018 15:00:03 GMT+0800 (+08),2018-05-30 15:00:03
cambrige,down,1,-47,-47.00,Wed May 30 2018 15:00:03 GMT+0800 (+08),2018-05-30 15:00:03
compton,up,1,-45,-45.00,Wed May 30 2018 15:00:03 GMT+0800 (+08),2018-05-30 15:00:03
sudo,down,1,-47,-47.00,Wed May 30 2018 15:00:03 GMT+0800 (+08),2018-05-30 15:00:03
compton,up,1,-46,-46.00,Wed May 30 2018 16:00:03 GMT+0800 (+08),2018-05-30 16:00:03
menlo,up,1,-46,-46.00,Wed May 30 2018 16:00:03 GMT+0800 (+08),2018-05-30 16:00:03
orange,up,1,-46,-46.00,Wed May 30 2018 16:00:03 GMT+0800 (+08),2018-05-30 16:00:03
perks,down,1,-48,-48.00,Wed May 30 2018 16:00:03 GMT+0800 (+08),2018-05-30 16:00:03
cambrige,down,1,-48,-48.00,Wed May 30 2018 16:00:03 GMT+0800 (+08),2018-05-30 16:00:03
sudo,down,1,-48,-48.00,Wed May 30 2018 16:00:03 GMT+0800 (+08),2018-05-30 16:00:03
compton,up,1,-47,-47.00,Wed May 30 2018 17:00:02 GMT+0800 (+08),2018-05-30 17:00:02
menlo,up,1,-47,-47.00,Wed May 30 2018 17:00:02 GMT+0800 (+08),2018-05-30 17:00:02
orange,up,1,-47,-47.00,Wed May 30 2018 17:00:02 GMT+0800 (+08),2018-05-30 17:00:02
perks,down,1,-49,-49.00,Wed May 30 2018 17:00:02 GMT+0800 (+08),2018-05-30 17:00:02
cambrige,down,1,-49,-49.00,Wed May 30 2018 17:00:02 GMT+0800 (+08),2018-05-30 17:00:02
sudo,down,1,-49,-49.00,Wed May 30 2018 17:00:02 GMT+0800 (+08),2018-05-30 17:00:02
compton,up,1,-48,-48.00,Wed May 30 2018 18:00:02 GMT+0800 (+08),2018-05-30 18:00:02
orange,up,1,-48,-48.00,Wed May 30 2018 18:00:02 GMT+0800 (+08),2018-05-30 18:00:02
perks,down,1,-50,-50.00,Wed May 30 2018 18:00:02 GMT+0800 (+08),2018-05-30 18:00:02
menlo,up,1,-48,-48.00,Wed May 30 2018 18:00:02 GMT+0800 (+08),2018-05-30 18:00:02
cambrige,down,1,-50,-50.00,Wed May 30 2018 18:00:02 GMT+0800 (+08),2018-05-30 18:00:02
sudo,down,1,-50,-50.00,Wed May 30 2018 18:00:02 GMT+0800 (+08),2018-05-30 18:00:02
menlo,up,1,-49,-49.00,Wed May 30 2018 19:00:03 GMT+0800 (+08),2018-05-30 19:00:03
compton,up,1,-49,-49.00,Wed May 30 2018 19:00:03 GMT+0800 (+08),2018-05-30 19:00:03
orange,up,1,-49,-49.00,Wed May 30 2018 19:00:03 GMT+0800 (+08),2018-05-30 19:00:03
cambrige,down,1,-51,-51.00,Wed May 30 2018 19:00:03 GMT+0800 (+08),2018-05-30 19:00:03
perks,down,1,-51,-51.00,Wed May 30 2018 19:00:03 GMT+0800 (+08),2018-05-30 19:00:03
sudo,down,1,-51,-51.00,Wed May 30 2018 19:00:03 GMT+0800 (+08),2018-05-30 19:00:03
compton,up,1,-50,-50.00,Wed May 30 2018 20:00:03 GMT+0800 (+08),2018-05-30 20:00:03
menlo,up,1,-50,-50.00,Wed May 30 2018 20:00:03 GMT+0800 (+08),2018-05-30 20:00:03
orange,up,1,-50,-50.00,Wed May 30 2018 20:00:03 GMT+0800 (+08),2018-05-30 20:00:03
cambrige,down,1,-52,-52.00,Wed May 30 2018 20:00:03 GMT+0800 (+08),2018-05-30 20:00:03
perks,down,1,-52,-52.00,Wed May 30 2018 20:00:03 GMT+0800 (+08),2018-05-30 20:00:03
sudo,down,1,-52,-52.00,Wed May 30 2018 20:00:03 GMT+0800 (+08),2018-05-30 20:00:03
compton,up,1,-51,-51.00,Wed May 30 2018 21:00:03 GMT+0800 (+08),2018-05-30 21:00:03
menlo,up,1,-51,-51.00,Wed May 30 2018 21:00:03 GMT+0800 (+08),2018-05-30 21:00:03
orange,up,1,-51,-51.00,Wed May 30 2018 21:00:03 GMT+0800 (+08),2018-05-30 21:00:03
perks,down,1,-53,-53.00,Wed May 30 2018 21:00:03 GMT+0800 (+08),2018-05-30 21:00:03
cambrige,down,1,-53,-53.00,Wed May 30 2018 21:00:03 GMT+0800 (+08),2018-05-30 21:00:03
sudo,down,1,-53,-53.00,Wed May 30 2018 21:00:03 GMT+0800 (+08),2018-05-30 21:00:03
compton,up,1,-52,-52.00,Wed May 30 2018 22:00:03 GMT+0800 (+08),2018-05-30 22:00:03
menlo,up,1,-52,-52.00,Wed May 30 2018 22:00:03 GMT+0800 (+08),2018-05-30 22:00:03
orange,up,1,-52,-52.00,Wed May 30 2018 22:00:03 GMT+0800 (+08),2018-05-30 22:00:03
perks,down,1,-54,-54.00,Wed May 30 2018 22:00:03 GMT+0800 (+08),2018-05-30 22:00:03
cambrige,down,1,-54,-54.00,Wed May 30 2018 22:00:03 GMT+0800 (+08),2018-05-30 22:00:03
sudo,down,1,-54,-54.00,Wed May 30 2018 22:00:03 GMT+0800 (+08),2018-05-30 22:00:03
compton,up,1,-53,-53.00,Wed May 30 2018 23:00:03 GMT+0800 (+08),2018-05-30 23:00:03
menlo,up,1,-53,-53.00,Wed May 30 2018 23:00:03 GMT+0800 (+08),2018-05-30 23:00:03
orange,up,1,-53,-53.00,Wed May 30 2018 23:00:03 GMT+0800 (+08),2018-05-30 23:00:03
perks,down,1,-55,-55.00,Wed May 30 2018 23:00:03 GMT+0800 (+08),2018-05-30 23:00:03
cambrige,down,1,-55,-55.00,Wed May 30 2018 23:00:03 GMT+0800 (+08),2018-05-30 23:00:03
sudo,down,1,-55,-55.00,Wed May 30 2018 23:00:03 GMT+0800 (+08),2018-05-30 23:00:03
compton,up,1,-54,-54.00,Thu May 31 2018 00:00:02 GMT+0800 (+08),2018-05-31 00:00:02
menlo,up,1,-54,-54.00,Thu May 31 2018 00:00:02 GMT+0800 (+08),2018-05-31 00:00:02
orange,up,1,-54,-54.00,Thu May 31 2018 00:00:02 GMT+0800 (+08),2018-05-31 00:00:02
perks,down,1,-56,-56.00,Thu May 31 2018 00:00:02 GMT+0800 (+08),2018-05-31 00:00:02
cambrige,down,1,-56,-56.00,Thu May 31 2018 00:00:02 GMT+0800 (+08),2018-05-31 00:00:02
sudo,down,1,-56,-56.00,Thu May 31 2018 00:00:02 GMT+0800 (+08),2018-05-31 00:00:02
compton,up,1,-55,-55.00,Thu May 31 2018 01:00:02 GMT+0800 (+08),2018-05-31 01:00:02
menlo,up,1,-55,-55.00,Thu May 31 2018 01:00:02 GMT+0800 (+08),2018-05-31 01:00:02
orange,up,1,-55,-55.00,Thu May 31 2018 01:00:02 GMT+0800 (+08),2018-05-31 01:00:02
perks,down,1,-57,-57.00,Thu May 31 2018 01:00:02 GMT+0800 (+08),2018-05-31 01:00:02
cambrige,down,1,-57,-57.00,Thu May 31 2018 01:00:02 GMT+0800 (+08),2018-05-31 01:00:02
sudo,down,1,-57,-57.00,Thu May 31 2018 01:00:02 GMT+0800 (+08),2018-05-31 01:00:02
compton,up,1,-56,-56.00,Thu May 31 2018 02:00:02 GMT+0800 (+08),2018-05-31 02:00:02
menlo,up,1,-56,-56.00,Thu May 31 2018 02:00:02 GMT+0800 (+08),2018-05-31 02:00:02
orange,up,1,-56,-56.00,Thu May 31 2018 02:00:02 GMT+0800 (+08),2018-05-31 02:00:02
perks,down,1,-58,-58.00,Thu May 31 2018 02:00:02 GMT+0800 (+08),2018-05-31 02:00:02
cambrige,down,1,-58,-58.00,Thu May 31 2018 02:00:02 GMT+0800 (+08),2018-05-31 02:00:02
sudo,down,1,-58,-58.00,Thu May 31 2018 02:00:02 GMT+0800 (+08),2018-05-31 02:00:02
compton,up,1,-57,-57.00,Thu May 31 2018 03:00:02 GMT+0800 (+08),2018-05-31 03:00:02
menlo,up,1,-57,-57.00,Thu May 31 2018 03:00:02 GMT+0800 (+08),2018-05-31 03:00:02
orange,up,1,-57,-57.00,Thu May 31 2018 03:00:02 GMT+0800 (+08),2018-05-31 03:00:02
perks,down,1,-59,-59.00,Thu May 31 2018 03:00:02 GMT+0800 (+08),2018-05-31 03:00:02
cambrige,down,1,-59,-59.00,Thu May 31 2018 03:00:02 GMT+0800 (+08),2018-05-31 03:00:02
sudo,down,1,-59,-59.00,Thu May 31 2018 03:00:02 GMT+0800 (+08),2018-05-31 03:00:02
compton,up,1,-58,-58.00,Thu May 31 2018 04:00:02 GMT+0800 (+08),2018-05-31 04:00:02
menlo,up,1,-58,-58.00,Thu May 31 2018 04:00:02 GMT+0800 (+08),2018-05-31 04:00:02
orange,up,1,-58,-58.00,Thu May 31 2018 04:00:02 GMT+0800 (+08),2018-05-31 04:00:02
perks,down,1,-60,-60.00,Thu May 31 2018 04:00:02 GMT+0800 (+08),2018-05-31 04:00:02
cambrige,down,1,-60,-60.00,Thu May 31 2018 04:00:02 GMT+0800 (+08),2018-05-31 04:00:02
sudo,down,1,-60,-60.00,Thu May 31 2018 04:00:02 GMT+0800 (+08),2018-05-31 04:00:02
compton,up,1,-59,-59.00,Thu May 31 2018 05:00:02 GMT+0800 (+08),2018-05-31 05:00:02
menlo,up,1,-59,-59.00,Thu May 31 2018 05:00:02 GMT+0800 (+08),2018-05-31 05:00:02
orange,up,1,-59,-59.00,Thu May 31 2018 05:00:02 GMT+0800 (+08),2018-05-31 05:00:02
perks,down,1,-61,-61.00,Thu May 31 2018 05:00:02 GMT+0800 (+08),2018-05-31 05:00:02
sudo,down,1,-61,-61.00,Thu May 31 2018 05:00:02 GMT+0800 (+08),2018-05-31 05:00:02
cambrige,down,1,-61,-61.00,Thu May 31 2018 05:00:02 GMT+0800 (+08),2018-05-31 05:00:02
compton,up,1,-60,-60.00,Thu May 31 2018 06:00:03 GMT+0800 (+08),2018-05-31 06:00:03
menlo,up,1,-60,-60.00,Thu May 31 2018 06:00:03 GMT+0800 (+08),2018-05-31 06:00:03
orange,up,1,-60,-60.00,Thu May 31 2018 06:00:03 GMT+0800 (+08),2018-05-31 06:00:03
perks,down,1,-62,-62.00,Thu May 31 2018 06:00:03 GMT+0800 (+08),2018-05-31 06:00:03
cambrige,down,1,-62,-62.00,Thu May 31 2018 06:00:03 GMT+0800 (+08),2018-05-31 06:00:03
sudo,down,1,-62,-62.00,Thu May 31 2018 06:00:03 GMT+0800 (+08),2018-05-31 06:00:03
compton,up,1,-61,-61.00,Thu May 31 2018 07:00:02 GMT+0800 (+08),2018-05-31 07:00:02
menlo,up,1,-61,-61.00,Thu May 31 2018 07:00:02 GMT+0800 (+08),2018-05-31 07:00:02
perks,down,1,-63,-63.00,Thu May 31 2018 07:00:02 GMT+0800 (+08),2018-05-31 07:00:02
cambrige,down,1,-63,-63.00,Thu May 31 2018 07:00:02 GMT+0800 (+08),2018-05-31 07:00:02
orange,up,1,-61,-61.00,Thu May 31 2018 07:00:02 GMT+0800 (+08),2018-05-31 07:00:02
sudo,down,1,-63,-63.00,Thu May 31 2018 07:00:02 GMT+0800 (+08),2018-05-31 07:00:02
compton,up,1,-62,-62.00,Thu May 31 2018 08:00:02 GMT+0800 (+08),2018-05-31 08:00:02
menlo,up,1,-62,-62.00,Thu May 31 2018 08:00:02 GMT+0800 (+08),2018-05-31 08:00:02
orange,up,1,-62,-62.00,Thu May 31 2018 08:00:02 GMT+0800 (+08),2018-05-31 08:00:02
perks,down,1,-64,-64.00,Thu May 31 2018 08:00:02 GMT+0800 (+08),2018-05-31 08:00:02
cambrige,down,1,-64,-64.00,Thu May 31 2018 08:00:02 GMT+0800 (+08),2018-05-31 08:00:02
sudo,down,1,-64,-64.00,Thu May 31 2018 08:00:02 GMT+0800 (+08),2018-05-31 08:00:02
compton,up,1,-63,-63.00,Thu May 31 2018 09:00:03 GMT+0800 (+08),2018-05-31 09:00:03
menlo,up,1,-63,-63.00,Thu May 31 2018 09:00:03 GMT+0800 (+08),2018-05-31 09:00:03
orange,up,1,-63,-63.00,Thu May 31 2018 09:00:03 GMT+0800 (+08),2018-05-31 09:00:03
perks,down,1,-65,-65.00,Thu May 31 2018 09:00:03 GMT+0800 (+08),2018-05-31 09:00:03
cambrige,down,1,-65,-65.00,Thu May 31 2018 09:00:03 GMT+0800 (+08),2018-05-31 09:00:03
sudo,down,1,-65,-65.00,Thu May 31 2018 09:00:03 GMT+0800 (+08),2018-05-31 09:00:03
compton,up,1,-64,-64.00,Thu May 31 2018 10:00:02 GMT+0800 (+08),2018-05-31 10:00:02
menlo,up,1,-64,-64.00,Thu May 31 2018 10:00:02 GMT+0800 (+08),2018-05-31 10:00:02
orange,up,1,-64,-64.00,Thu May 31 2018 10:00:02 GMT+0800 (+08),2018-05-31 10:00:02
perks,down,1,-66,-66.00,Thu May 31 2018 10:00:02 GMT+0800 (+08),2018-05-31 10:00:02
cambrige,down,1,-66,-66.00,Thu May 31 2018 10:00:02 GMT+0800 (+08),2018-05-31 10:00:02
sudo,down,1,-66,-66.00,Thu May 31 2018 10:00:02 GMT+0800 (+08),2018-05-31 10:00:02
compton,up,1,-65,-65.00,Thu May 31 2018 11:00:03 GMT+0800 (+08),2018-05-31 11:00:03
menlo,up,1,-65,-65.00,Thu May 31 2018 11:00:03 GMT+0800 (+08),2018-05-31 11:00:03
orange,up,1,-65,-65.00,Thu May 31 2018 11:00:03 GMT+0800 (+08),2018-05-31 11:00:03
perks,down,1,-67,-67.00,Thu May 31 2018 11:00:03 GMT+0800 (+08),2018-05-31 11:00:03
cambrige,down,1,-67,-67.00,Thu May 31 2018 11:00:03 GMT+0800 (+08),2018-05-31 11:00:03
sudo,down,1,-67,-67.00,Thu May 31 2018 11:00:03 GMT+0800 (+08),2018-05-31 11:00:03
compton,up,1,-66,-66.00,Thu May 31 2018 12:00:02 GMT+0800 (+08),2018-05-31 12:00:02
menlo,up,1,-66,-66.00,Thu May 31 2018 12:00:03 GMT+0800 (+08),2018-05-31 12:00:03
orange,up,1,-66,-66.00,Thu May 31 2018 12:00:03 GMT+0800 (+08),2018-05-31 12:00:03
perks,up,1,-66,-66.00,Thu May 31 2018 12:00:03 GMT+0800 (+08),2018-05-31 12:00:03
cambrige,down,1,-68,-68.00,Thu May 31 2018 12:00:03 GMT+0800 (+08),2018-05-31 12:00:03
sudo,up,1,-66,-66.00,Thu May 31 2018 12:00:03 GMT+0800 (+08),2018-05-31 12:00:03
compton,up,1,-65,-65.00,Thu May 31 2018 13:00:02 GMT+0800 (+08),2018-05-31 13:00:02
menlo,up,1,-65,-65.00,Thu May 31 2018 13:00:02 GMT+0800 (+08),2018-05-31 13:00:02
orange,up,1,-65,-65.00,Thu May 31 2018 13:00:02 GMT+0800 (+08),2018-05-31 13:00:02
perks,up,1,-65,-65.00,Thu May 31 2018 13:00:02 GMT+0800 (+08),2018-05-31 13:00:02
cambrige,down,1,-67,-67.00,Thu May 31 2018 13:00:02 GMT+0800 (+08),2018-05-31 13:00:02
sudo,up,1,-65,-65.00,Thu May 31 2018 13:00:02 GMT+0800 (+08),2018-05-31 13:00:02
compton,up,1,-64,-64.00,Thu May 31 2018 14:00:02 GMT+0800 (+08),2018-05-31 14:00:02
menlo,up,1,-64,-64.00,Thu May 31 2018 14:00:02 GMT+0800 (+08),2018-05-31 14:00:02
orange,up,1,-64,-64.00,Thu May 31 2018 14:00:02 GMT+0800 (+08),2018-05-31 14:00:02
perks,up,1,-64,-64.00,Thu May 31 2018 14:00:02 GMT+0800 (+08),2018-05-31 14:00:02
cambrige,down,1,-66,-66.00,Thu May 31 2018 14:00:02 GMT+0800 (+08),2018-05-31 14:00:02
sudo,up,1,-64,-64.00,Thu May 31 2018 14:00:02 GMT+0800 (+08),2018-05-31 14:00:02
compton,up,1,-63,-63.00,Thu May 31 2018 15:00:02 GMT+0800 (+08),2018-05-31 15:00:02
menlo,up,1,-63,-63.00,Thu May 31 2018 15:00:02 GMT+0800 (+08),2018-05-31 15:00:02
orange,up,1,-63,-63.00,Thu May 31 2018 15:00:02 GMT+0800 (+08),2018-05-31 15:00:02
perks,up,1,-63,-63.00,Thu May 31 2018 15:00:02 GMT+0800 (+08),2018-05-31 15:00:02
cambrige,down,1,-65,-65.00,Thu May 31 2018 15:00:02 GMT+0800 (+08),2018-05-31 15:00:02
sudo,up,1,-63,-63.00,Thu May 31 2018 15:00:02 GMT+0800 (+08),2018-05-31 15:00:02
compton,up,1,-62,-62.00,Thu May 31 2018 16:00:04 GMT+0800 (+08),2018-05-31 16:00:04
menlo,up,1,-62,-62.00,Thu May 31 2018 16:00:04 GMT+0800 (+08),2018-05-31 16:00:04
orange,up,1,-62,-62.00,Thu May 31 2018 16:00:04 GMT+0800 (+08),2018-05-31 16:00:04
perks,up,1,-62,-62.00,Thu May 31 2018 16:00:04 GMT+0800 (+08),2018-05-31 16:00:04
cambrige,down,1,-64,-64.00,Thu May 31 2018 16:00:04 GMT+0800 (+08),2018-05-31 16:00:04
sudo,up,1,-62,-62.00,Thu May 31 2018 16:00:04 GMT+0800 (+08),2018-05-31 16:00:04
compton,up,1,-61,-61.00,Thu May 31 2018 17:00:02 GMT+0800 (+08),2018-05-31 17:00:02
menlo,up,1,-61,-61.00,Thu May 31 2018 17:00:02 GMT+0800 (+08),2018-05-31 17:00:02
orange,up,1,-61,-61.00,Thu May 31 2018 17:00:02 GMT+0800 (+08),2018-05-31 17:00:02
cambrige,down,1,-63,-63.00,Thu May 31 2018 17:00:02 GMT+0800 (+08),2018-05-31 17:00:02
sudo,up,1,-61,-61.00,Thu May 31 2018 17:00:02 GMT+0800 (+08),2018-05-31 17:00:02
perks,up,1,-61,-61.00,Thu May 31 2018 17:00:02 GMT+0800 (+08),2018-05-31 17:00:02
compton,up,1,-60,-60.00,Thu May 31 2018 18:00:04 GMT+0800 (+08),2018-05-31 18:00:04
menlo,up,1,-60,-60.00,Thu May 31 2018 18:00:04 GMT+0800 (+08),2018-05-31 18:00:04
perks,up,1,-60,-60.00,Thu May 31 2018 18:00:04 GMT+0800 (+08),2018-05-31 18:00:04
orange,up,1,-60,-60.00,Thu May 31 2018 18:00:04 GMT+0800 (+08),2018-05-31 18:00:04
cambrige,down,1,-62,-62.00,Thu May 31 2018 18:00:04 GMT+0800 (+08),2018-05-31 18:00:04
sudo,up,1,-60,-60.00,Thu May 31 2018 18:00:04 GMT+0800 (+08),2018-05-31 18:00:04
compton,up,1,-59,-59.00,Thu May 31 2018 19:00:02 GMT+0800 (+08),2018-05-31 19:00:02
menlo,up,1,-59,-59.00,Thu May 31 2018 19:00:02 GMT+0800 (+08),2018-05-31 19:00:02
orange,up,1,-59,-59.00,Thu May 31 2018 19:00:02 GMT+0800 (+08),2018-05-31 19:00:02
perks,up,1,-59,-59.00,Thu May 31 2018 19:00:02 GMT+0800 (+08),2018-05-31 19:00:02
cambrige,down,1,-61,-61.00,Thu May 31 2018 19:00:02 GMT+0800 (+08),2018-05-31 19:00:02
sudo,up,1,-59,-59.00,Thu May 31 2018 19:00:02 GMT+0800 (+08),2018-05-31 19:00:02
compton,up,1,-58,-58.00,Thu May 31 2018 20:00:03 GMT+0800 (+08),2018-05-31 20:00:03
menlo,up,1,-58,-58.00,Thu May 31 2018 20:00:03 GMT+0800 (+08),2018-05-31 20:00:03
orange,up,1,-58,-58.00,Thu May 31 2018 20:00:03 GMT+0800 (+08),2018-05-31 20:00:03
perks,up,1,-58,-58.00,Thu May 31 2018 20:00:03 GMT+0800 (+08),2018-05-31 20:00:03
cambrige,down,1,-60,-60.00,Thu May 31 2018 20:00:03 GMT+0800 (+08),2018-05-31 20:00:03
sudo,up,1,-58,-58.00,Thu May 31 2018 20:00:03 GMT+0800 (+08),2018-05-31 20:00:03
compton,up,1,-57,-57.00,Thu May 31 2018 21:00:03 GMT+0800 (+08),2018-05-31 21:00:03
menlo,up,1,-57,-57.00,Thu May 31 2018 21:00:03 GMT+0800 (+08),2018-05-31 21:00:03
orange,up,1,-57,-57.00,Thu May 31 2018 21:00:03 GMT+0800 (+08),2018-05-31 21:00:03
perks,up,1,-57,-57.00,Thu May 31 2018 21:00:03 GMT+0800 (+08),2018-05-31 21:00:03
cambrige,down,1,-59,-59.00,Thu May 31 2018 21:00:03 GMT+0800 (+08),2018-05-31 21:00:03
sudo,up,1,-57,-57.00,Thu May 31 2018 21:00:03 GMT+0800 (+08),2018-05-31 21:00:03
compton,up,1,-56,-56.00,Thu May 31 2018 22:00:03 GMT+0800 (+08),2018-05-31 22:00:03
menlo,up,1,-56,-56.00,Thu May 31 2018 22:00:03 GMT+0800 (+08),2018-05-31 22:00:03
orange,up,1,-56,-56.00,Thu May 31 2018 22:00:03 GMT+0800 (+08),2018-05-31 22:00:03
perks,up,1,-56,-56.00,Thu May 31 2018 22:00:03 GMT+0800 (+08),2018-05-31 22:00:03
cambrige,down,1,-58,-58.00,Thu May 31 2018 22:00:03 GMT+0800 (+08),2018-05-31 22:00:03
sudo,up,1,-56,-56.00,Thu May 31 2018 22:00:03 GMT+0800 (+08),2018-05-31 22:00:03
compton,up,1,-55,-55.00,Thu May 31 2018 23:00:03 GMT+0800 (+08),2018-05-31 23:00:03
menlo,up,1,-55,-55.00,Thu May 31 2018 23:00:03 GMT+0800 (+08),2018-05-31 23:00:03
orange,up,1,-55,-55.00,Thu May 31 2018 23:00:03 GMT+0800 (+08),2018-05-31 23:00:03
cambrige,down,1,-57,-57.00,Thu May 31 2018 23:00:03 GMT+0800 (+08),2018-05-31 23:00:03
sudo,up,1,-55,-55.00,Thu May 31 2018 23:00:03 GMT+0800 (+08),2018-05-31 23:00:03
perks,up,1,-55,-55.00,Thu May 31 2018 23:00:03 GMT+0800 (+08),2018-05-31 23:00:03
